antecedent,consequent,support,confidence,lift
травы и перец,говяжий фарш,0.016,0.3235,3.2916
"замороженные овощи, минеральная вода",молоко,0.0111,0.3097,2.3897
суп,молоко,0.0152,0.3008,2.3209
"говяжий фарш, минеральная вода",макароны,0.0172,0.4202,2.2351
говяжий фарш,макароны,0.0403,0.4098,2.1796
"говяжий фарш, яйца",минеральная вода,0.0101,0.5067,2.1265
"говяжий фарш, молоко",минеральная вода,0.0111,0.503,2.1112
перец,макароны,0.0104,0.392,2.0849
"минеральная вода, оливковое масло",макароны,0.0107,0.3883,2.0657
"говяжий фарш, шоколад",минеральная вода,0.0109,0.474,1.9893
"замороженные овощи, молоко",минеральная вода,0.0111,0.4689,1.9681
красное вино,макароны,0.0104,0.3697,1.9663
"блинчики, макароны",минеральная вода,0.0117,0.4583,1.9236
оливковое масло,макароны,0.0237,0.3611,1.9205
суп,минеральная вода,0.0231,0.4565,1.9158
"макароны, оливковое масло",минеральная вода,0.0107,0.4494,1.8863
креветки,макароны,0.0252,0.3533,1.8791
"молоко, шоколад",макароны,0.0112,0.3485,1.854
"макароны, молоко",шоколад,0.0112,0.3032,1.8506
"блинчики, минеральная вода",макароны,0.0117,0.3478,1.8501
гамбургер,яйца,0.0288,0.3303,1.8376
"макароны, молоко",минеральная вода,0.0161,0.4368,1.8333
"молоко, шоколад",минеральная вода,0.014,0.4357,1.8286
"замороженные овощи, минеральная вода",макароны,0.0123,0.3433,1.826
"замороженные овощи, макароны",минеральная вода,0.0123,0.434,1.8213
"говяжий фарш, макароны",минеральная вода,0.0172,0.4272,1.7927
"минеральная вода, молоко",макароны,0.0161,0.3361,1.7878
"молоко, яйца",минеральная вода,0.0131,0.4242,1.7805
травы и перец,макароны,0.0164,0.3315,1.7635
тертый сыр,макароны,0.0173,0.3308,1.7595
оливковое масло,минеральная вода,0.0275,0.4178,1.7537
"шоколад, яйца",макароны,0.0109,0.3293,1.7517
говяжий фарш,минеральная вода,0.0409,0.4166,1.7483
индейка,яйца,0.0195,0.3113,1.732
лосось,макароны,0.0137,0.3239,1.7229
растительное масло,макароны,0.0164,0.3211,1.7082
"шоколад, яйца",минеральная вода,0.0135,0.4056,1.7024
"макароны, шоколад",минеральная вода,0.0164,0.402,1.687
помидоры,макароны,0.0216,0.3158,1.6797
лосось,минеральная вода,0.0169,0.3994,1.6762
хлопья,минеральная вода,0.0103,0.399,1.6744
"минеральная вода, шоколад",макароны,0.0164,0.3114,1.6563
растительное масло,минеральная вода,0.0201,0.3943,1.6547
"макароны, яйца",минеральная вода,0.0152,0.3931,1.6498
"картофель-фри, минеральная вода",макароны,0.0104,0.3083,1.6399
красное вино,минеральная вода,0.0109,0.3886,1.6311
курица,минеральная вода,0.0228,0.38,1.5949
замороженные овощи,минеральная вода,0.0357,0.3748,1.5731
молоко,минеральная вода,0.048,0.3704,1.5544
рис,минеральная вода,0.0273,0.3596,1.5094
помидоры,минеральная вода,0.0244,0.3567,1.4972
блинчики,минеральная вода,0.0337,0.3548,1.4893
авокадо,минеральная вода,0.0115,0.3454,1.4496
"картофель-фри, макароны",минеральная вода,0.0104,0.3451,1.4485
травы и перец,минеральная вода,0.0171,0.345,1.448
торт,минеральная вода,0.0275,0.3388,1.422
тертый сыр,минеральная вода,0.0175,0.3333,1.399
креветки,минеральная вода,0.0235,0.329,1.3807
макароны,минеральная вода,0.0612,0.3255,1.3663
шоколад,минеральная вода,0.0527,0.3214,1.3489
замороженный смузи,минеральная вода,0.0201,0.3186,1.337
мед,минеральная вода,0.0149,0.3155,1.3241
низкокалорийный йогурт,минеральная вода,0.0239,0.3124,1.3111
свежий хлеб,минеральная вода,0.0133,0.3096,1.2994
индейка,минеральная вода,0.0192,0.307,1.2886
